sensor_id,neighbor_id,distance_km
d241a044-0a06-40c2-9d90-c91fd0a95060,fec52a19-9148-4350-a1b4-ae0da05ee199,7.082000
fec52a19-9148-4350-a1b4-ae0da05ee199,d241a044-0a06-40c2-9d90-c91fd0a95060,7.082000
d241a044-0a06-40c2-9d90-c91fd0a95060,be427cee-4c3a-4aa2-a1ce-9795a74533be,8.838588
be427cee-4c3a-4aa2-a1ce-9795a74533be,d241a044-0a06-40c2-9d90-c91fd0a95060,8.838588
d241a044-0a06-40c2-9d90-c91fd0a95060,c3f3da9b-9fd3-4037-94d3-598d655e6be9,10.004966
c3f3da9b-9fd3-4037-94d3-598d655e6be9,d241a044-0a06-40c2-9d90-c91fd0a95060,10.004966
d241a044-0a06-40c2-9d90-c91fd0a95060,d7060523-b163-4cc3-bc94-970dac72a38a,8.821268
d7060523-b163-4cc3-bc94-970dac72a38a,d241a044-0a06-40c2-9d90-c91fd0a95060,8.821268
d241a044-0a06-40c2-9d90-c91fd0a95060,87f82783-853b-417d-8964-b5cf11e44873,8.877944
87f82783-853b-417d-8964-b5cf11e44873,d241a044-0a06-40c2-9d90-c91fd0a95060,8.877944
d241a044-0a06-40c2-9d90-c91fd0a95060,e20e9778-a020-4b86-932a-b7ab6a713a00,8.851921
e20e9778-a020-4b86-932a-b7ab6a713a00,d241a044-0a06-40c2-9d90-c91fd0a95060,8.851921
d241a044-0a06-40c2-9d90-c91fd0a95060,2819ecbb-5de3-4092-aa1d-4ba3a8c40add,5.841024
2819ecbb-5de3-4092-aa1d-4ba3a8c40add,d241a044-0a06-40c2-9d90-c91fd0a95060,5.841024
d241a044-0a06-40c2-9d90-c91fd0a95060,a9a2083f-f086-4fae-bdae-355b391f436b,6.657959
a9a2083f-f086-4fae-bdae-355b391f436b,d241a044-0a06-40c2-9d90-c91fd0a95060,6.657959
d241a044-0a06-40c2-9d90-c91fd0a95060,a17013e7-8d1d-4b0d-8e2f-e0881dbca3ac,8.620382
a17013e7-8d1d-4b0d-8e2f-e0881dbca3ac,d241a044-0a06-40c2-9d90-c91fd0a95060,8.620382
d241a044-0a06-40c2-9d90-c91fd0a95060,d851c0b9-990e-41db-9c53-529f88524cf9,6.204336
d851c0b9-990e-41db-9c53-529f88524cf9,d241a044-0a06-40c2-9d90-c91fd0a95060,6.204336
d241a044-0a06-40c2-9d90-c91fd0a95060,30dab8a6-ff63-43ce-9a3b-99f1f3f7054d,8.622736
30dab8a6-ff63-43ce-9a3b-99f1f3f7054d,d241a044-0a06-40c2-9d90-c91fd0a95060,8.622736
d241a044-0a06-40c2-9d90-c91fd0a95060,16836a55-7140-43e2-9a63-56fac5cba714,7.759713
16836a55-7140-43e2-9a63-56fac5cba714,d241a044-0a06-40c2-9d90-c91fd0a95060,7.759713
d241a044-0a06-40c2-9d90-c91fd0a95060,2001,10.502133
2001,d241a044-0a06-40c2-9d90-c91fd0a95060,10.502133
d241a044-0a06-40c2-9d90-c91fd0a95060,2002,8.557613
2002,d241a044-0a06-40c2-9d90-c91fd0a95060,8.557613
d241a044-0a06-40c2-9d90-c91fd0a95060,24039f11-a4fc-4b2d-8bc0-6fd36059f117,6.776645
24039f11-a4fc-4b2d-8bc0-6fd36059f117,d241a044-0a06-40c2-9d90-c91fd0a95060,6.776645
d241a044-0a06-40c2-9d90-c91fd0a95060,874ff9c6-786d-45fc-a90e-48c7ffe03417,6.508854
874ff9c6-786d-45fc-a90e-48c7ffe03417,d241a044-0a06-40c2-9d90-c91fd0a95060,6.508854
d241a044-0a06-40c2-9d90-c91fd0a95060,23b735ef-a996-4a7f-9998-2aa7e78827b0,10.381221
23b735ef-a996-4a7f-9998-2aa7e78827b0,d241a044-0a06-40c2-9d90-c91fd0a95060,10.381221
d241a044-0a06-40c2-9d90-c91fd0a95060,ece1058a-ecab-4736-872f-790145aaadfe,0.308478
ece1058a-ecab-4736-872f-790145aaadfe,d241a044-0a06-40c2-9d90-c91fd0a95060,0.308478
d241a044-0a06-40c2-9d90-c91fd0a95060,40f081a6-4095-43f7-bffb-64e2af8c026e,9.313700
40f081a6-4095-43f7-bffb-64e2af8c026e,d241a044-0a06-40c2-9d90-c91fd0a95060,9.313700
d241a044-0a06-40c2-9d90-c91fd0a95060,7b316592-8036-41e2-b8dc-b06b6a9afd54,8.324912
7b316592-8036-41e2-b8dc-b06b6a9afd54,d241a044-0a06-40c2-9d90-c91fd0a95060,8.324912
d241a044-0a06-40c2-9d90-c91fd0a95060,692c454c-a1ad-41fa-b3ca-aa1cb7d55d30,6.269780
692c454c-a1ad-41fa-b3ca-aa1cb7d55d30,d241a044-0a06-40c2-9d90-c91fd0a95060,6.269780
fec52a19-9148-4350-a1b4-ae0da05ee199,be427cee-4c3a-4aa2-a1ce-9795a74533be,1.794839
be427cee-4c3a-4aa2-a1ce-9795a74533be,fec52a19-9148-4350-a1b4-ae0da05ee199,1.794839
fec52a19-9148-4350-a1b4-ae0da05ee199,c3f3da9b-9fd3-4037-94d3-598d655e6be9,3.071904
c3f3da9b-9fd3-4037-94d3-598d655e6be9,fec52a19-9148-4350-a1b4-ae0da05ee199,3.071904
fec52a19-9148-4350-a1b4-ae0da05ee199,d7060523-b163-4cc3-bc94-970dac72a38a,1.781001
d7060523-b163-4cc3-bc94-970dac72a38a,fec52a19-9148-4350-a1b4-ae0da05ee199,1.781001
fec52a19-9148-4350-a1b4-ae0da05ee199,87f82783-853b-417d-8964-b5cf11e44873,1.857575
87f82783-853b-417d-8964-b5cf11e44873,fec52a19-9148-4350-a1b4-ae0da05ee199,1.857575
fec52a19-9148-4350-a1b4-ae0da05ee199,e20e9778-a020-4b86-932a-b7ab6a713a00,1.802162
e20e9778-a020-4b86-932a-b7ab6a713a00,fec52a19-9148-4350-a1b4-ae0da05ee199,1.802162
fec52a19-9148-4350-a1b4-ae0da05ee199,2819ecbb-5de3-4092-aa1d-4ba3a8c40add,2.068255
2819ecbb-5de3-4092-aa1d-4ba3a8c40add,fec52a19-9148-4350-a1b4-ae0da05ee199,2.068255
fec52a19-9148-4350-a1b4-ae0da05ee199,a9a2083f-f086-4fae-bdae-355b391f436b,0.576549
a9a2083f-f086-4fae-bdae-355b391f436b,fec52a19-9148-4350-a1b4-ae0da05ee199,0.576549
fec52a19-9148-4350-a1b4-ae0da05ee199,a17013e7-8d1d-4b0d-8e2f-e0881dbca3ac,2.227745
a17013e7-8d1d-4b0d-8e2f-e0881dbca3ac,fec52a19-9148-4350-a1b4-ae0da05ee199,2.227745
fec52a19-9148-4350-a1b4-ae0da05ee199,d851c0b9-990e-41db-9c53-529f88524cf9,0.988298
d851c0b9-990e-41db-9c53-529f88524cf9,fec52a19-9148-4350-a1b4-ae0da05ee199,0.988298
fec52a19-9148-4350-a1b4-ae0da05ee199,30dab8a6-ff63-43ce-9a3b-99f1f3f7054d,2.826842
30dab8a6-ff63-43ce-9a3b-99f1f3f7054d,fec52a19-9148-4350-a1b4-ae0da05ee199,2.826842
fec52a19-9148-4350-a1b4-ae0da05ee199,16836a55-7140-43e2-9a63-56fac5cba714,0.794876
16836a55-7140-43e2-9a63-56fac5cba714,fec52a19-9148-4350-a1b4-ae0da05ee199,0.794876
fec52a19-9148-4350-a1b4-ae0da05ee199,2001,3.430263
2001,fec52a19-9148-4350-a1b4-ae0da05ee199,3.430263
fec52a19-9148-4350-a1b4-ae0da05ee199,2002,1.475686
2002,fec52a19-9148-4350-a1b4-ae0da05ee199,1.475686
fec52a19-9148-4350-a1b4-ae0da05ee199,24039f11-a4fc-4b2d-8bc0-6fd36059f117,1.162260
24039f11-a4fc-4b2d-8bc0-6fd36059f117,fec52a19-9148-4350-a1b4-ae0da05ee199,1.162260
fec52a19-9148-4350-a1b4-ae0da05ee199,874ff9c6-786d-45fc-a90e-48c7ffe03417,0.877219
874ff9c6-786d-45fc-a90e-48c7ffe03417,fec52a19-9148-4350-a1b4-ae0da05ee199,0.877219
fec52a19-9148-4350-a1b4-ae0da05ee199,23b735ef-a996-4a7f-9998-2aa7e78827b0,3.595189
23b735ef-a996-4a7f-9998-2aa7e78827b0,fec52a19-9148-4350-a1b4-ae0da05ee199,3.595189
fec52a19-9148-4350-a1b4-ae0da05ee199,ece1058a-ecab-4736-872f-790145aaadfe,7.226008
ece1058a-ecab-4736-872f-790145aaadfe,fec52a19-9148-4350-a1b4-ae0da05ee199,7.226008
fec52a19-9148-4350-a1b4-ae0da05ee199,40f081a6-4095-43f7-bffb-64e2af8c026e,2.367190
40f081a6-4095-43f7-bffb-64e2af8c026e,fec52a19-9148-4350-a1b4-ae0da05ee199,2.367190
fec52a19-9148-4350-a1b4-ae0da05ee199,7b316592-8036-41e2-b8dc-b06b6a9afd54,1.628984
7b316592-8036-41e2-b8dc-b06b6a9afd54,fec52a19-9148-4350-a1b4-ae0da05ee199,1.628984
fec52a19-9148-4350-a1b4-ae0da05ee199,692c454c-a1ad-41fa-b3ca-aa1cb7d55d30,1.008305
692c454c-a1ad-41fa-b3ca-aa1cb7d55d30,fec52a19-9148-4350-a1b4-ae0da05ee199,1.008305
be427cee-4c3a-4aa2-a1ce-9795a74533be,c3f3da9b-9fd3-4037-94d3-598d655e6be9,1.319959
c3f3da9b-9fd3-4037-94d3-598d655e6be9,be427cee-4c3a-4aa2-a1ce-9795a74533be,1.319959
be427cee-4c3a-4aa2-a1ce-9795a74533be,d7060523-b163-4cc3-bc94-970dac72a38a,0.024161
d7060523-b163-4cc3-bc94-970dac72a38a,be427cee-4c3a-4aa2-a1ce-9795a74533be,0.024161
be427cee-4c3a-4aa2-a1ce-9795a74533be,87f82783-853b-417d-8964-b5cf11e44873,0.123904
87f82783-853b-417d-8964-b5cf11e44873,be427cee-4c3a-4aa2-a1ce-9795a74533be,0.123904
be427cee-4c3a-4aa2-a1ce-9795a74533be,e20e9778-a020-4b86-932a-b7ab6a713a00,0.035542
e20e9778-a020-4b86-932a-b7ab6a713a00,be427cee-4c3a-4aa2-a1ce-9795a74533be,0.035542
be427cee-4c3a-4aa2-a1ce-9795a74533be,2819ecbb-5de3-4092-aa1d-4ba3a8c40add,3.359106
2819ecbb-5de3-4092-aa1d-4ba3a8c40add,be427cee-4c3a-4aa2-a1ce-9795a74533be,3.359106
be427cee-4c3a-4aa2-a1ce-9795a74533be,a9a2083f-f086-4fae-bdae-355b391f436b,2.320516
a9a2083f-f086-4fae-bdae-355b391f436b,be427cee-4c3a-4aa2-a1ce-9795a74533be,2.320516
be427cee-4c3a-4aa2-a1ce-9795a74533be,a17013e7-8d1d-4b0d-8e2f-e0881dbca3ac,2.214807
a17013e7-8d1d-4b0d-8e2f-e0881dbca3ac,be427cee-4c3a-4aa2-a1ce-9795a74533be,2.214807
be427cee-4c3a-4aa2-a1ce-9795a74533be,d851c0b9-990e-41db-9c53-529f88524cf9,2.768676
d851c0b9-990e-41db-9c53-529f88524cf9,be427cee-4c3a-4aa2-a1ce-9795a74533be,2.768676
be427cee-4c3a-4aa2-a1ce-9795a74533be,30dab8a6-ff63-43ce-9a3b-99f1f3f7054d,3.056623
30dab8a6-ff63-43ce-9a3b-99f1f3f7054d,be427cee-4c3a-4aa2-a1ce-9795a74533be,3.056623
be427cee-4c3a-4aa2-a1ce-9795a74533be,16836a55-7140-43e2-9a63-56fac5cba714,1.373216
16836a55-7140-43e2-9a63-56fac5cba714,be427cee-4c3a-4aa2-a1ce-9795a74533be,1.373216
be427cee-4c3a-4aa2-a1ce-9795a74533be,2001,1.670712
2001,be427cee-4c3a-4aa2-a1ce-9795a74533be,1.670712
be427cee-4c3a-4aa2-a1ce-9795a74533be,2002,0.479656
2002,be427cee-4c3a-4aa2-a1ce-9795a74533be,0.479656
be427cee-4c3a-4aa2-a1ce-9795a74533be,24039f11-a4fc-4b2d-8bc0-6fd36059f117,2.247058
24039f11-a4fc-4b2d-8bc0-6fd36059f117,be427cee-4c3a-4aa2-a1ce-9795a74533be,2.247058
be427cee-4c3a-4aa2-a1ce-9795a74533be,874ff9c6-786d-45fc-a90e-48c7ffe03417,2.361949
874ff9c6-786d-45fc-a90e-48c7ffe03417,be427cee-4c3a-4aa2-a1ce-9795a74533be,2.361949
be427cee-4c3a-4aa2-a1ce-9795a74533be,23b735ef-a996-4a7f-9998-2aa7e78827b0,1.924534
23b735ef-a996-4a7f-9998-2aa7e78827b0,be427cee-4c3a-4aa2-a1ce-9795a74533be,1.924534
be427cee-4c3a-4aa2-a1ce-9795a74533be,ece1058a-ecab-4736-872f-790145aaadfe,8.994039
ece1058a-ecab-4736-872f-790145aaadfe,be427cee-4c3a-4aa2-a1ce-9795a74533be,8.994039
be427cee-4c3a-4aa2-a1ce-9795a74533be,40f081a6-4095-43f7-bffb-64e2af8c026e,0.660917
40f081a6-4095-43f7-bffb-64e2af8c026e,be427cee-4c3a-4aa2-a1ce-9795a74533be,0.660917
be427cee-4c3a-4aa2-a1ce-9795a74533be,7b316592-8036-41e2-b8dc-b06b6a9afd54,0.931740
7b316592-8036-41e2-b8dc-b06b6a9afd54,be427cee-4c3a-4aa2-a1ce-9795a74533be,0.931740
be427cee-4c3a-4aa2-a1ce-9795a74533be,692c454c-a1ad-41fa-b3ca-aa1cb7d55d30,2.588767
692c454c-a1ad-41fa-b3ca-aa1cb7d55d30,be427cee-4c3a-4aa2-a1ce-9795a74533be,2.588767
c3f3da9b-9fd3-4037-94d3-598d655e6be9,d7060523-b163-4cc3-bc94-970dac72a38a,1.326818
d7060523-b163-4cc3-bc94-970dac72a38a,c3f3da9b-9fd3-4037-94d3-598d655e6be9,1.326818
c3f3da9b-9fd3-4037-94d3-598d655e6be9,87f82783-853b-417d-8964-b5cf11e44873,1.230683
87f82783-853b-417d-8964-b5cf11e44873,c3f3da9b-9fd3-4037-94d3-598d655e6be9,1.230683
c3f3da9b-9fd3-4037-94d3-598d655e6be9,e20e9778-a020-4b86-932a-b7ab6a713a00,1.325329
e20e9778-a020-4b86-932a-b7ab6a713a00,c3f3da9b-9fd3-4037-94d3-598d655e6be9,1.325329
c3f3da9b-9fd3-4037-94d3-598d655e6be9,2819ecbb-5de3-4092-aa1d-4ba3a8c40add,4.309997
2819ecbb-5de3-4092-aa1d-4ba3a8c40add,c3f3da9b-9fd3-4037-94d3-598d655e6be9,4.309997
c3f3da9b-9fd3-4037-94d3-598d655e6be9,a9a2083f-f086-4fae-bdae-355b391f436b,3.620108
a9a2083f-f086-4fae-bdae-355b391f436b,c3f3da9b-9fd3-4037-94d3-598d655e6be9,3.620108
c3f3da9b-9fd3-4037-94d3-598d655e6be9,a17013e7-8d1d-4b0d-8e2f-e0881dbca3ac,3.257927
a17013e7-8d1d-4b0d-8e2f-e0881dbca3ac,c3f3da9b-9fd3-4037-94d3-598d655e6be9,3.257927
c3f3da9b-9fd3-4037-94d3-598d655e6be9,d851c0b9-990e-41db-9c53-529f88524cf9,4.058324
d851c0b9-990e-41db-9c53-529f88524cf9,c3f3da9b-9fd3-4037-94d3-598d655e6be9,4.058324
c3f3da9b-9fd3-4037-94d3-598d655e6be9,30dab8a6-ff63-43ce-9a3b-99f1f3f7054d,4.084168
30dab8a6-ff63-43ce-9a3b-99f1f3f7054d,c3f3da9b-9fd3-4037-94d3-598d655e6be9,4.084168
c3f3da9b-9fd3-4037-94d3-598d655e6be9,16836a55-7140-43e2-9a63-56fac5cba714,2.690053
16836a55-7140-43e2-9a63-56fac5cba714,c3f3da9b-9fd3-4037-94d3-598d655e6be9,2.690053
c3f3da9b-9fd3-4037-94d3-598d655e6be9,2001,0.974327
2001,c3f3da9b-9fd3-4037-94d3-598d655e6be9,0.974327
c3f3da9b-9fd3-4037-94d3-598d655e6be9,2002,1.771388
2002,c3f3da9b-9fd3-4037-94d3-598d655e6be9,1.771388
c3f3da9b-9fd3-4037-94d3-598d655e6be9,24039f11-a4fc-4b2d-8bc0-6fd36059f117,3.254193
24039f11-a4fc-4b2d-8bc0-6fd36059f117,c3f3da9b-9fd3-4037-94d3-598d655e6be9,3.254193
c3f3da9b-9fd3-4037-94d3-598d655e6be9,874ff9c6-786d-45fc-a90e-48c7ffe03417,3.498059
874ff9c6-786d-45fc-a90e-48c7ffe03417,c3f3da9b-9fd3-4037-94d3-598d655e6be9,3.498059
c3f3da9b-9fd3-4037-94d3-598d655e6be9,23b735ef-a996-4a7f-9998-2aa7e78827b0,0.670618
23b735ef-a996-4a7f-9998-2aa7e78827b0,c3f3da9b-9fd3-4037-94d3-598d655e6be9,0.670618
c3f3da9b-9fd3-4037-94d3-598d655e6be9,ece1058a-ecab-4736-872f-790145aaadfe,10.177001
ece1058a-ecab-4736-872f-790145aaadfe,c3f3da9b-9fd3-4037-94d3-598d655e6be9,10.177001
c3f3da9b-9fd3-4037-94d3-598d655e6be9,40f081a6-4095-43f7-bffb-64e2af8c026e,0.706430
40f081a6-4095-43f7-bffb-64e2af8c026e,c3f3da9b-9fd3-4037-94d3-598d655e6be9,0.706430
c3f3da9b-9fd3-4037-94d3-598d655e6be9,7b316592-8036-41e2-b8dc-b06b6a9afd54,1.695388
7b316592-8036-41e2-b8dc-b06b6a9afd54,c3f3da9b-9fd3-4037-94d3-598d655e6be9,1.695388
c3f3da9b-9fd3-4037-94d3-598d655e6be9,692c454c-a1ad-41fa-b3ca-aa1cb7d55d30,3.739480
692c454c-a1ad-41fa-b3ca-aa1cb7d55d30,c3f3da9b-9fd3-4037-94d3-598d655e6be9,3.739480
d7060523-b163-4cc3-bc94-970dac72a38a,87f82783-853b-417d-8964-b5cf11e44873,0.115370
87f82783-853b-417d-8964-b5cf11e44873,d7060523-b163-4cc3-bc94-970dac72a38a,0.115370
d7060523-b163-4cc3-bc94-970dac72a38a,e20e9778-a020-4b86-932a-b7ab6a713a00,0.058454
e20e9778-a020-4b86-932a-b7ab6a713a00,d7060523-b163-4cc3-bc94-970dac72a38a,0.058454
d7060523-b163-4cc3-bc94-970dac72a38a,2819ecbb-5de3-4092-aa1d-4ba3a8c40add,3.336839
2819ecbb-5de3-4092-aa1d-4ba3a8c40add,d7060523-b163-4cc3-bc94-970dac72a38a,3.336839
d7060523-b163-4cc3-bc94-970dac72a38a,a9a2083f-f086-4fae-bdae-355b391f436b,2.309045
a9a2083f-f086-4fae-bdae-355b391f436b,d7060523-b163-4cc3-bc94-970dac72a38a,2.309045
d7060523-b163-4cc3-bc94-970dac72a38a,a17013e7-8d1d-4b0d-8e2f-e0881dbca3ac,2.227451
a17013e7-8d1d-4b0d-8e2f-e0881dbca3ac,d7060523-b163-4cc3-bc94-970dac72a38a,2.227451
d7060523-b163-4cc3-bc94-970dac72a38a,d851c0b9-990e-41db-9c53-529f88524cf9,2.756336
d851c0b9-990e-41db-9c53-529f88524cf9,d7060523-b163-4cc3-bc94-970dac72a38a,2.756336
d7060523-b163-4cc3-bc94-970dac72a38a,30dab8a6-ff63-43ce-9a3b-99f1f3f7054d,3.068814
30dab8a6-ff63-43ce-9a3b-99f1f3f7054d,d7060523-b163-4cc3-bc94-970dac72a38a,3.068814
d7060523-b163-4cc3-bc94-970dac72a38a,16836a55-7140-43e2-9a63-56fac5cba714,1.369030
16836a55-7140-43e2-9a63-56fac5cba714,d7060523-b163-4cc3-bc94-970dac72a38a,1.369030
d7060523-b163-4cc3-bc94-970dac72a38a,2001,1.689722
2001,d7060523-b163-4cc3-bc94-970dac72a38a,1.689722
d7060523-b163-4cc3-bc94-970dac72a38a,2002,0.483205
2002,d7060523-b163-4cc3-bc94-970dac72a38a,0.483205
d7060523-b163-4cc3-bc94-970dac72a38a,24039f11-a4fc-4b2d-8bc0-6fd36059f117,2.224976
24039f11-a4fc-4b2d-8bc0-6fd36059f117,d7060523-b163-4cc3-bc94-970dac72a38a,2.224976
d7060523-b163-4cc3-bc94-970dac72a38a,874ff9c6-786d-45fc-a90e-48c7ffe03417,2.342454
874ff9c6-786d-45fc-a90e-48c7ffe03417,d7060523-b163-4cc3-bc94-970dac72a38a,2.342454
d7060523-b163-4cc3-bc94-970dac72a38a,23b735ef-a996-4a7f-9998-2aa7e78827b0,1.927019
23b735ef-a996-4a7f-9998-2aa7e78827b0,d7060523-b163-4cc3-bc94-970dac72a38a,1.927019
d7060523-b163-4cc3-bc94-970dac72a38a,ece1058a-ecab-4736-872f-790145aaadfe,8.977231
ece1058a-ecab-4736-872f-790145aaadfe,d7060523-b163-4cc3-bc94-970dac72a38a,8.977231
d7060523-b163-4cc3-bc94-970dac72a38a,40f081a6-4095-43f7-bffb-64e2af8c026e,0.661501
40f081a6-4095-43f7-bffb-64e2af8c026e,d7060523-b163-4cc3-bc94-970dac72a38a,0.661501
d7060523-b163-4cc3-bc94-970dac72a38a,7b316592-8036-41e2-b8dc-b06b6a9afd54,0.907943
7b316592-8036-41e2-b8dc-b06b6a9afd54,d7060523-b163-4cc3-bc94-970dac72a38a,0.907943
d7060523-b163-4cc3-bc94-970dac72a38a,692c454c-a1ad-41fa-b3ca-aa1cb7d55d30,2.569814
692c454c-a1ad-41fa-b3ca-aa1cb7d55d30,d7060523-b163-4cc3-bc94-970dac72a38a,2.569814
87f82783-853b-417d-8964-b5cf11e44873,e20e9778-a020-4b86-932a-b7ab6a713a00,0.152827
e20e9778-a020-4b86-932a-b7ab6a713a00,87f82783-853b-417d-8964-b5cf11e44873,0.152827
87f82783-853b-417d-8964-b5cf11e44873,2819ecbb-5de3-4092-aa1d-4ba3a8c40add,3.354347
2819ecbb-5de3-4092-aa1d-4ba3a8c40add,87f82783-853b-417d-8964-b5cf11e44873,3.354347
87f82783-853b-417d-8964-b5cf11e44873,a9a2083f-f086-4fae-bdae-355b391f436b,2.394389
a9a2083f-f086-4fae-bdae-355b391f436b,87f82783-853b-417d-8964-b5cf11e44873,2.394389
87f82783-853b-417d-8964-b5cf11e44873,a17013e7-8d1d-4b0d-8e2f-e0881dbca3ac,2.338213
a17013e7-8d1d-4b0d-8e2f-e0881dbca3ac,87f82783-853b-417d-8964-b5cf11e44873,2.338213
87f82783-853b-417d-8964-b5cf11e44873,d851c0b9-990e-41db-9c53-529f88524cf9,2.838167
d851c0b9-990e-41db-9c53-529f88524cf9,87f82783-853b-417d-8964-b5cf11e44873,2.838167
87f82783-853b-417d-8964-b5cf11e44873,30dab8a6-ff63-43ce-9a3b-99f1f3f7054d,3.180223
30dab8a6-ff63-43ce-9a3b-99f1f3f7054d,87f82783-853b-417d-8964-b5cf11e44873,3.180223
87f82783-853b-417d-8964-b5cf11e44873,16836a55-7140-43e2-9a63-56fac5cba714,1.474676
16836a55-7140-43e2-9a63-56fac5cba714,87f82783-853b-417d-8964-b5cf11e44873,1.474676
87f82783-853b-417d-8964-b5cf11e44873,2001,1.648656
2001,87f82783-853b-417d-8964-b5cf11e44873,1.648656
87f82783-853b-417d-8964-b5cf11e44873,2002,0.598177
2002,87f82783-853b-417d-8964-b5cf11e44873,0.598177
87f82783-853b-417d-8964-b5cf11e44873,24039f11-a4fc-4b2d-8bc0-6fd36059f117,2.245735
24039f11-a4fc-4b2d-8bc0-6fd36059f117,87f82783-853b-417d-8964-b5cf11e44873,2.245735
87f82783-853b-417d-8964-b5cf11e44873,874ff9c6-786d-45fc-a90e-48c7ffe03417,2.386633
874ff9c6-786d-45fc-a90e-48c7ffe03417,87f82783-853b-417d-8964-b5cf11e44873,2.386633
87f82783-853b-417d-8964-b5cf11e44873,23b735ef-a996-4a7f-9998-2aa7e78827b0,1.820109
23b735ef-a996-4a7f-9998-2aa7e78827b0,87f82783-853b-417d-8964-b5cf11e44873,1.820109
87f82783-853b-417d-8964-b5cf11e44873,ece1058a-ecab-4736-872f-790145aaadfe,9.036867
ece1058a-ecab-4736-872f-790145aaadfe,87f82783-853b-417d-8964-b5cf11e44873,9.036867
87f82783-853b-417d-8964-b5cf11e44873,40f081a6-4095-43f7-bffb-64e2af8c026e,0.552632
40f081a6-4095-43f7-bffb-64e2af8c026e,87f82783-853b-417d-8964-b5cf11e44873,0.552632
87f82783-853b-417d-8964-b5cf11e44873,7b316592-8036-41e2-b8dc-b06b6a9afd54,0.865032
7b316592-8036-41e2-b8dc-b06b6a9afd54,87f82783-853b-417d-8964-b5cf11e44873,0.865032
87f82783-853b-417d-8964-b5cf11e44873,692c454c-a1ad-41fa-b3ca-aa1cb7d55d30,2.617648
692c454c-a1ad-41fa-b3ca-aa1cb7d55d30,87f82783-853b-417d-8964-b5cf11e44873,2.617648
e20e9778-a020-4b86-932a-b7ab6a713a00,2819ecbb-5de3-4092-aa1d-4ba3a8c40add,3.383591
2819ecbb-5de3-4092-aa1d-4ba3a8c40add,e20e9778-a020-4b86-932a-b7ab6a713a00,3.383591
e20e9778-a020-4b86-932a-b7ab6a713a00,a9a2083f-f086-4fae-bdae-355b391f436b,2.323689
a9a2083f-f086-4fae-bdae-355b391f436b,e20e9778-a020-4b86-932a-b7ab6a713a00,2.323689
e20e9778-a020-4b86-932a-b7ab6a713a00,a17013e7-8d1d-4b0d-8e2f-e0881dbca3ac,2.185711
a17013e7-8d1d-4b0d-8e2f-e0881dbca3ac,e20e9778-a020-4b86-932a-b7ab6a713a00,2.185711
e20e9778-a020-4b86-932a-b7ab6a713a00,d851c0b9-990e-41db-9c53-529f88524cf9,2.773236
d851c0b9-990e-41db-9c53-529f88524cf9,e20e9778-a020-4b86-932a-b7ab6a713a00,2.773236
e20e9778-a020-4b86-932a-b7ab6a713a00,30dab8a6-ff63-43ce-9a3b-99f1f3f7054d,3.027930
30dab8a6-ff63-43ce-9a3b-99f1f3f7054d,e20e9778-a020-4b86-932a-b7ab6a713a00,3.027930
e20e9778-a020-4b86-932a-b7ab6a713a00,16836a55-7140-43e2-9a63-56fac5cba714,1.365388
16836a55-7140-43e2-9a63-56fac5cba714,e20e9778-a020-4b86-932a-b7ab6a713a00,1.365388
e20e9778-a020-4b86-932a-b7ab6a713a00,2001,1.654482
2001,e20e9778-a020-4b86-932a-b7ab6a713a00,1.654482
e20e9778-a020-4b86-932a-b7ab6a713a00,2002,0.462385
2002,e20e9778-a020-4b86-932a-b7ab6a713a00,0.462385
e20e9778-a020-4b86-932a-b7ab6a713a00,24039f11-a4fc-4b2d-8bc0-6fd36059f117,2.271111
24039f11-a4fc-4b2d-8bc0-6fd36059f117,e20e9778-a020-4b86-932a-b7ab6a713a00,2.271111
e20e9778-a020-4b86-932a-b7ab6a713a00,874ff9c6-786d-45fc-a90e-48c7ffe03417,2.379942
874ff9c6-786d-45fc-a90e-48c7ffe03417,e20e9778-a020-4b86-932a-b7ab6a713a00,2.379942
e20e9778-a020-4b86-932a-b7ab6a713a00,23b735ef-a996-4a7f-9998-2aa7e78827b0,1.936032
23b735ef-a996-4a7f-9998-2aa7e78827b0,e20e9778-a020-4b86-932a-b7ab6a713a00,1.936032
e20e9778-a020-4b86-932a-b7ab6a713a00,ece1058a-ecab-4736-872f-790145aaadfe,9.006381
ece1058a-ecab-4736-872f-790145aaadfe,e20e9778-a020-4b86-932a-b7ab6a713a00,9.006381
e20e9778-a020-4b86-932a-b7ab6a713a00,40f081a6-4095-43f7-bffb-64e2af8c026e,0.675922
40f081a6-4095-43f7-bffb-64e2af8c026e,e20e9778-a020-4b86-932a-b7ab6a713a00,0.675922
e20e9778-a020-4b86-932a-b7ab6a713a00,7b316592-8036-41e2-b8dc-b06b6a9afd54,0.966251
7b316592-8036-41e2-b8dc-b06b6a9afd54,e20e9778-a020-4b86-932a-b7ab6a713a00,0.966251
e20e9778-a020-4b86-932a-b7ab6a713a00,692c454c-a1ad-41fa-b3ca-aa1cb7d55d30,2.605597
692c454c-a1ad-41fa-b3ca-aa1cb7d55d30,e20e9778-a020-4b86-932a-b7ab6a713a00,2.605597
2819ecbb-5de3-4092-aa1d-4ba3a8c40add,a9a2083f-f086-4fae-bdae-355b391f436b,2.119244
a9a2083f-f086-4fae-bdae-355b391f436b,2819ecbb-5de3-4092-aa1d-4ba3a8c40add,2.119244
2819ecbb-5de3-4092-aa1d-4ba3a8c40add,a17013e7-8d1d-4b0d-8e2f-e0881dbca3ac,4.289227
a17013e7-8d1d-4b0d-8e2f-e0881dbca3ac,2819ecbb-5de3-4092-aa1d-4ba3a8c40add,4.289227
2819ecbb-5de3-4092-aa1d-4ba3a8c40add,d851c0b9-990e-41db-9c53-529f88524cf9,1.990406
d851c0b9-990e-41db-9c53-529f88524cf9,2819ecbb-5de3-4092-aa1d-4ba3a8c40add,1.990406
2819ecbb-5de3-4092-aa1d-4ba3a8c40add,30dab8a6-ff63-43ce-9a3b-99f1f3f7054d,4.822315
30dab8a6-ff63-43ce-9a3b-99f1f3f7054d,2819ecbb-5de3-4092-aa1d-4ba3a8c40add,4.822315
2819ecbb-5de3-4092-aa1d-4ba3a8c40add,16836a55-7140-43e2-9a63-56fac5cba714,2.848491
16836a55-7140-43e2-9a63-56fac5cba714,2819ecbb-5de3-4092-aa1d-4ba3a8c40add,2.848491
2819ecbb-5de3-4092-aa1d-4ba3a8c40add,2001,4.988498
2001,2819ecbb-5de3-4092-aa1d-4ba3a8c40add,4.988498
2819ecbb-5de3-4092-aa1d-4ba3a8c40add,2002,3.261897
2002,2819ecbb-5de3-4092-aa1d-4ba3a8c40add,3.261897
2819ecbb-5de3-4092-aa1d-4ba3a8c40add,24039f11-a4fc-4b2d-8bc0-6fd36059f117,1.113223
24039f11-a4fc-4b2d-8bc0-6fd36059f117,2819ecbb-5de3-4092-aa1d-4ba3a8c40add,1.113223
2819ecbb-5de3-4092-aa1d-4ba3a8c40add,874ff9c6-786d-45fc-a90e-48c7ffe03417,1.191066
874ff9c6-786d-45fc-a90e-48c7ffe03417,2819ecbb-5de3-4092-aa1d-4ba3a8c40add,1.191066
2819ecbb-5de3-4092-aa1d-4ba3a8c40add,23b735ef-a996-4a7f-9998-2aa7e78827b0,4.595342
23b735ef-a996-4a7f-9998-2aa7e78827b0,2819ecbb-5de3-4092-aa1d-4ba3a8c40add,4.595342
2819ecbb-5de3-4092-aa1d-4ba3a8c40add,ece1058a-ecab-4736-872f-790145aaadfe,6.049886
ece1058a-ecab-4736-872f-790145aaadfe,2819ecbb-5de3-4092-aa1d-4ba3a8c40add,6.049886
2819ecbb-5de3-4092-aa1d-4ba3a8c40add,40f081a6-4095-43f7-bffb-64e2af8c026e,3.669064
40f081a6-4095-43f7-bffb-64e2af8c026e,2819ecbb-5de3-4092-aa1d-4ba3a8c40add,3.669064
2819ecbb-5de3-4092-aa1d-4ba3a8c40add,7b316592-8036-41e2-b8dc-b06b6a9afd54,2.622513
7b316592-8036-41e2-b8dc-b06b6a9afd54,2819ecbb-5de3-4092-aa1d-4ba3a8c40add,2.622513
2819ecbb-5de3-4092-aa1d-4ba3a8c40add,692c454c-a1ad-41fa-b3ca-aa1cb7d55d30,1.103824
692c454c-a1ad-41fa-b3ca-aa1cb7d55d30,2819ecbb-5de3-4092-aa1d-4ba3a8c40add,1.103824
a9a2083f-f086-4fae-bdae-355b391f436b,a17013e7-8d1d-4b0d-8e2f-e0881dbca3ac,2.265998
a17013e7-8d1d-4b0d-8e2f-e0881dbca3ac,a9a2083f-f086-4fae-bdae-355b391f436b,2.265998
a9a2083f-f086-4fae-bdae-355b391f436b,d851c0b9-990e-41db-9c53-529f88524cf9,0.459773
d851c0b9-990e-41db-9c53-529f88524cf9,a9a2083f-f086-4fae-bdae-355b391f436b,0.459773
a9a2083f-f086-4fae-bdae-355b391f436b,30dab8a6-ff63-43ce-9a3b-99f1f3f7054d,2.713129
30dab8a6-ff63-43ce-9a3b-99f1f3f7054d,a9a2083f-f086-4fae-bdae-355b391f436b,2.713129
a9a2083f-f086-4fae-bdae-355b391f436b,16836a55-7140-43e2-9a63-56fac5cba714,1.101771
16836a55-7140-43e2-9a63-56fac5cba714,a9a2083f-f086-4fae-bdae-355b391f436b,1.101771
a9a2083f-f086-4fae-bdae-355b391f436b,2001,3.913052
2001,a9a2083f-f086-4fae-bdae-355b391f436b,3.913052
a9a2083f-f086-4fae-bdae-355b391f436b,2002,1.950771
2002,a9a2083f-f086-4fae-bdae-355b391f436b,1.950771
a9a2083f-f086-4fae-bdae-355b391f436b,24039f11-a4fc-4b2d-8bc0-6fd36059f117,1.472560
24039f11-a4fc-4b2d-8bc0-6fd36059f117,a9a2083f-f086-4fae-bdae-355b391f436b,1.472560
a9a2083f-f086-4fae-bdae-355b391f436b,874ff9c6-786d-45fc-a90e-48c7ffe03417,1.028557
874ff9c6-786d-45fc-a90e-48c7ffe03417,a9a2083f-f086-4fae-bdae-355b391f436b,1.028557
a9a2083f-f086-4fae-bdae-355b391f436b,23b735ef-a996-4a7f-9998-2aa7e78827b0,4.160127
23b735ef-a996-4a7f-9998-2aa7e78827b0,a9a2083f-f086-4fae-bdae-355b391f436b,4.160127
a9a2083f-f086-4fae-bdae-355b391f436b,ece1058a-ecab-4736-872f-790145aaadfe,6.786723
ece1058a-ecab-4736-872f-790145aaadfe,a9a2083f-f086-4fae-bdae-355b391f436b,6.786723
a9a2083f-f086-4fae-bdae-355b391f436b,40f081a6-4095-43f7-bffb-64e2af8c026e,2.919442
40f081a6-4095-43f7-bffb-64e2af8c026e,a9a2083f-f086-4fae-bdae-355b391f436b,2.919442
a9a2083f-f086-4fae-bdae-355b391f436b,7b316592-8036-41e2-b8dc-b06b6a9afd54,2.204821
7b316592-8036-41e2-b8dc-b06b6a9afd54,a9a2083f-f086-4fae-bdae-355b391f436b,2.204821
a9a2083f-f086-4fae-bdae-355b391f436b,692c454c-a1ad-41fa-b3ca-aa1cb7d55d30,1.022790
692c454c-a1ad-41fa-b3ca-aa1cb7d55d30,a9a2083f-f086-4fae-bdae-355b391f436b,1.022790
a17013e7-8d1d-4b0d-8e2f-e0881dbca3ac,d851c0b9-990e-41db-9c53-529f88524cf9,2.618135
d851c0b9-990e-41db-9c53-529f88524cf9,a17013e7-8d1d-4b0d-8e2f-e0881dbca3ac,2.618135
a17013e7-8d1d-4b0d-8e2f-e0881dbca3ac,30dab8a6-ff63-43ce-9a3b-99f1f3f7054d,0.843527
30dab8a6-ff63-43ce-9a3b-99f1f3f7054d,a17013e7-8d1d-4b0d-8e2f-e0881dbca3ac,0.843527
a17013e7-8d1d-4b0d-8e2f-e0881dbca3ac,16836a55-7140-43e2-9a63-56fac5cba714,1.501321
16836a55-7140-43e2-9a63-56fac5cba714,a17013e7-8d1d-4b0d-8e2f-e0881dbca3ac,1.501321
a17013e7-8d1d-4b0d-8e2f-e0881dbca3ac,2001,2.933937
2001,a17013e7-8d1d-4b0d-8e2f-e0881dbca3ac,2.933937
a17013e7-8d1d-4b0d-8e2f-e0881dbca3ac,2002,1.788432
2002,a17013e7-8d1d-4b0d-8e2f-e0881dbca3ac,1.788432
a17013e7-8d1d-4b0d-8e2f-e0881dbca3ac,24039f11-a4fc-4b2d-8bc0-6fd36059f117,3.353892
24039f11-a4fc-4b2d-8bc0-6fd36059f117,a17013e7-8d1d-4b0d-8e2f-e0881dbca3ac,3.353892
a17013e7-8d1d-4b0d-8e2f-e0881dbca3ac,874ff9c6-786d-45fc-a90e-48c7ffe03417,3.101427
874ff9c6-786d-45fc-a90e-48c7ffe03417,a17013e7-8d1d-4b0d-8e2f-e0881dbca3ac,3.101427
a17013e7-8d1d-4b0d-8e2f-e0881dbca3ac,23b735ef-a996-4a7f-9998-2aa7e78827b0,3.928382
23b735ef-a996-4a7f-9998-2aa7e78827b0,a17013e7-8d1d-4b0d-8e2f-e0881dbca3ac,3.928382
a17013e7-8d1d-4b0d-8e2f-e0881dbca3ac,ece1058a-ecab-4736-872f-790145aaadfe,8.704779
ece1058a-ecab-4736-872f-790145aaadfe,a17013e7-8d1d-4b0d-8e2f-e0881dbca3ac,8.704779
a17013e7-8d1d-4b0d-8e2f-e0881dbca3ac,40f081a6-4095-43f7-bffb-64e2af8c026e,2.799090
40f081a6-4095-43f7-bffb-64e2af8c026e,a17013e7-8d1d-4b0d-8e2f-e0881dbca3ac,2.799090
a17013e7-8d1d-4b0d-8e2f-e0881dbca3ac,7b316592-8036-41e2-b8dc-b06b6a9afd54,2.913405
7b316592-8036-41e2-b8dc-b06b6a9afd54,a17013e7-8d1d-4b0d-8e2f-e0881dbca3ac,2.913405
a17013e7-8d1d-4b0d-8e2f-e0881dbca3ac,692c454c-a1ad-41fa-b3ca-aa1cb7d55d30,3.199245
692c454c-a1ad-41fa-b3ca-aa1cb7d55d30,a17013e7-8d1d-4b0d-8e2f-e0881dbca3ac,3.199245
d851c0b9-990e-41db-9c53-529f88524cf9,30dab8a6-ff63-43ce-9a3b-99f1f3f7054d,2.968530
30dab8a6-ff63-43ce-9a3b-99f1f3f7054d,d851c0b9-990e-41db-9c53-529f88524cf9,2.968530
d851c0b9-990e-41db-9c53-529f88524cf9,16836a55-7140-43e2-9a63-56fac5cba714,1.557800
16836a55-7140-43e2-9a63-56fac5cba714,d851c0b9-990e-41db-9c53-529f88524cf9,1.557800
d851c0b9-990e-41db-9c53-529f88524cf9,2001,4.371555
2001,d851c0b9-990e-41db-9c53-529f88524cf9,4.371555
d851c0b9-990e-41db-9c53-529f88524cf9,2002,2.408585
2002,d851c0b9-990e-41db-9c53-529f88524cf9,2.408585
d851c0b9-990e-41db-9c53-529f88524cf9,24039f11-a4fc-4b2d-8bc0-6fd36059f117,1.598021
24039f11-a4fc-4b2d-8bc0-6fd36059f117,d851c0b9-990e-41db-9c53-529f88524cf9,1.598021
d851c0b9-990e-41db-9c53-529f88524cf9,874ff9c6-786d-45fc-a90e-48c7ffe03417,1.099298
874ff9c6-786d-45fc-a90e-48c7ffe03417,d851c0b9-990e-41db-9c53-529f88524cf9,1.099298
d851c0b9-990e-41db-9c53-529f88524cf9,23b735ef-a996-4a7f-9998-2aa7e78827b0,4.582298
23b735ef-a996-4a7f-9998-2aa7e78827b0,d851c0b9-990e-41db-9c53-529f88524cf9,4.582298
d851c0b9-990e-41db-9c53-529f88524cf9,ece1058a-ecab-4736-872f-790145aaadfe,6.330281
ece1058a-ecab-4736-872f-790145aaadfe,d851c0b9-990e-41db-9c53-529f88524cf9,6.330281
d851c0b9-990e-41db-9c53-529f88524cf9,40f081a6-4095-43f7-bffb-64e2af8c026e,3.354522
40f081a6-4095-43f7-bffb-64e2af8c026e,d851c0b9-990e-41db-9c53-529f88524cf9,3.354522
d851c0b9-990e-41db-9c53-529f88524cf9,7b316592-8036-41e2-b8dc-b06b6a9afd54,2.583940
7b316592-8036-41e2-b8dc-b06b6a9afd54,d851c0b9-990e-41db-9c53-529f88524cf9,2.583940
d851c0b9-990e-41db-9c53-529f88524cf9,692c454c-a1ad-41fa-b3ca-aa1cb7d55d30,0.988151
692c454c-a1ad-41fa-b3ca-aa1cb7d55d30,d851c0b9-990e-41db-9c53-529f88524cf9,0.988151
30dab8a6-ff63-43ce-9a3b-99f1f3f7054d,16836a55-7140-43e2-9a63-56fac5cba714,2.202949
16836a55-7140-43e2-9a63-56fac5cba714,30dab8a6-ff63-43ce-9a3b-99f1f3f7054d,2.202949
30dab8a6-ff63-43ce-9a3b-99f1f3f7054d,2001,3.687934
2001,30dab8a6-ff63-43ce-9a3b-99f1f3f7054d,3.687934
30dab8a6-ff63-43ce-9a3b-99f1f3f7054d,2002,2.622128
2002,30dab8a6-ff63-43ce-9a3b-99f1f3f7054d,2.622128
30dab8a6-ff63-43ce-9a3b-99f1f3f7054d,24039f11-a4fc-4b2d-8bc0-6fd36059f117,3.987044
24039f11-a4fc-4b2d-8bc0-6fd36059f117,30dab8a6-ff63-43ce-9a3b-99f1f3f7054d,3.987044
30dab8a6-ff63-43ce-9a3b-99f1f3f7054d,874ff9c6-786d-45fc-a90e-48c7ffe03417,3.664809
874ff9c6-786d-45fc-a90e-48c7ffe03417,30dab8a6-ff63-43ce-9a3b-99f1f3f7054d,3.664809
30dab8a6-ff63-43ce-9a3b-99f1f3f7054d,23b735ef-a996-4a7f-9998-2aa7e78827b0,4.754643
23b735ef-a996-4a7f-9998-2aa7e78827b0,30dab8a6-ff63-43ce-9a3b-99f1f3f7054d,4.754643
30dab8a6-ff63-43ce-9a3b-99f1f3f7054d,ece1058a-ecab-4736-872f-790145aaadfe,8.677857
ece1058a-ecab-4736-872f-790145aaadfe,30dab8a6-ff63-43ce-9a3b-99f1f3f7054d,8.677857
30dab8a6-ff63-43ce-9a3b-99f1f3f7054d,40f081a6-4095-43f7-bffb-64e2af8c026e,3.641830
40f081a6-4095-43f7-bffb-64e2af8c026e,30dab8a6-ff63-43ce-9a3b-99f1f3f7054d,3.641830
30dab8a6-ff63-43ce-9a3b-99f1f3f7054d,7b316592-8036-41e2-b8dc-b06b6a9afd54,3.723959
7b316592-8036-41e2-b8dc-b06b6a9afd54,30dab8a6-ff63-43ce-9a3b-99f1f3f7054d,3.723959
30dab8a6-ff63-43ce-9a3b-99f1f3f7054d,692c454c-a1ad-41fa-b3ca-aa1cb7d55d30,3.718527
692c454c-a1ad-41fa-b3ca-aa1cb7d55d30,30dab8a6-ff63-43ce-9a3b-99f1f3f7054d,3.718527
16836a55-7140-43e2-9a63-56fac5cba714,2001,2.851568
2001,16836a55-7140-43e2-9a63-56fac5cba714,2.851568
16836a55-7140-43e2-9a63-56fac5cba714,2002,0.927038
2002,16836a55-7140-43e2-9a63-56fac5cba714,0.927038
16836a55-7140-43e2-9a63-56fac5cba714,24039f11-a4fc-4b2d-8bc0-6fd36059f117,1.859496
24039f11-a4fc-4b2d-8bc0-6fd36059f117,16836a55-7140-43e2-9a63-56fac5cba714,1.859496
16836a55-7140-43e2-9a63-56fac5cba714,874ff9c6-786d-45fc-a90e-48c7ffe03417,1.660849
874ff9c6-786d-45fc-a90e-48c7ffe03417,16836a55-7140-43e2-9a63-56fac5cba714,1.660849
16836a55-7140-43e2-9a63-56fac5cba714,23b735ef-a996-4a7f-9998-2aa7e78827b0,3.294785
23b735ef-a996-4a7f-9998-2aa7e78827b0,16836a55-7140-43e2-9a63-56fac5cba714,3.294785
16836a55-7140-43e2-9a63-56fac5cba714,ece1058a-ecab-4736-872f-790145aaadfe,7.887891
ece1058a-ecab-4736-872f-790145aaadfe,16836a55-7140-43e2-9a63-56fac5cba714,7.887891
16836a55-7140-43e2-9a63-56fac5cba714,40f081a6-4095-43f7-bffb-64e2af8c026e,2.027159
40f081a6-4095-43f7-bffb-64e2af8c026e,16836a55-7140-43e2-9a63-56fac5cba714,2.027159
16836a55-7140-43e2-9a63-56fac5cba714,7b316592-8036-41e2-b8dc-b06b6a9afd54,1.650831
7b316592-8036-41e2-b8dc-b06b6a9afd54,16836a55-7140-43e2-9a63-56fac5cba714,1.650831
16836a55-7140-43e2-9a63-56fac5cba714,692c454c-a1ad-41fa-b3ca-aa1cb7d55d30,1.803148
692c454c-a1ad-41fa-b3ca-aa1cb7d55d30,16836a55-7140-43e2-9a63-56fac5cba714,1.803148
2001,2002,1.963408
2002,2001,1.963408
2001,24039f11-a4fc-4b2d-8bc0-6fd36059f117,3.886945
24039f11-a4fc-4b2d-8bc0-6fd36059f117,2001,3.886945
2001,874ff9c6-786d-45fc-a90e-48c7ffe03417,4.031852
874ff9c6-786d-45fc-a90e-48c7ffe03417,2001,4.031852
2001,23b735ef-a996-4a7f-9998-2aa7e78827b0,1.426635
23b735ef-a996-4a7f-9998-2aa7e78827b0,2001,1.426635
2001,ece1058a-ecab-4736-872f-790145aaadfe,10.652688
ece1058a-ecab-4736-872f-790145aaadfe,2001,10.652688
2001,40f081a6-4095-43f7-bffb-64e2af8c026e,1.359118
40f081a6-4095-43f7-bffb-64e2af8c026e,2001,1.359118
2001,7b316592-8036-41e2-b8dc-b06b6a9afd54,2.394718
7b316592-8036-41e2-b8dc-b06b6a9afd54,2001,2.394718
2001,692c454c-a1ad-41fa-b3ca-aa1cb7d55d30,4.259473
692c454c-a1ad-41fa-b3ca-aa1cb7d55d30,2001,4.259473
2002,24039f11-a4fc-4b2d-8bc0-6fd36059f117,2.157864
24039f11-a4fc-4b2d-8bc0-6fd36059f117,2002,2.157864
2002,874ff9c6-786d-45fc-a90e-48c7ffe03417,2.170249
874ff9c6-786d-45fc-a90e-48c7ffe03417,2002,2.170249
2002,23b735ef-a996-4a7f-9998-2aa7e78827b0,2.394970
23b735ef-a996-4a7f-9998-2aa7e78827b0,2002,2.394970
2002,ece1058a-ecab-4736-872f-790145aaadfe,8.701241
ece1058a-ecab-4736-872f-790145aaadfe,2002,8.701241
2002,40f081a6-4095-43f7-bffb-64e2af8c026e,1.138279
40f081a6-4095-43f7-bffb-64e2af8c026e,2002,1.138279
2002,7b316592-8036-41e2-b8dc-b06b6a9afd54,1.165073
7b316592-8036-41e2-b8dc-b06b6a9afd54,2002,1.165073
2002,692c454c-a1ad-41fa-b3ca-aa1cb7d55d30,2.376465
692c454c-a1ad-41fa-b3ca-aa1cb7d55d30,2002,2.376465
24039f11-a4fc-4b2d-8bc0-6fd36059f117,874ff9c6-786d-45fc-a90e-48c7ffe03417,0.503451
874ff9c6-786d-45fc-a90e-48c7ffe03417,24039f11-a4fc-4b2d-8bc0-6fd36059f117,0.503451
24039f11-a4fc-4b2d-8bc0-6fd36059f117,23b735ef-a996-4a7f-9998-2aa7e78827b0,3.604795
23b735ef-a996-4a7f-9998-2aa7e78827b0,24039f11-a4fc-4b2d-8bc0-6fd36059f117,3.604795
24039f11-a4fc-4b2d-8bc0-6fd36059f117,ece1058a-ecab-4736-872f-790145aaadfe,6.962506
ece1058a-ecab-4736-872f-790145aaadfe,24039f11-a4fc-4b2d-8bc0-6fd36059f117,6.962506
24039f11-a4fc-4b2d-8bc0-6fd36059f117,40f081a6-4095-43f7-bffb-64e2af8c026e,2.588777
40f081a6-4095-43f7-bffb-64e2af8c026e,24039f11-a4fc-4b2d-8bc0-6fd36059f117,2.588777
24039f11-a4fc-4b2d-8bc0-6fd36059f117,7b316592-8036-41e2-b8dc-b06b6a9afd54,1.559442
7b316592-8036-41e2-b8dc-b06b6a9afd54,24039f11-a4fc-4b2d-8bc0-6fd36059f117,1.559442
24039f11-a4fc-4b2d-8bc0-6fd36059f117,692c454c-a1ad-41fa-b3ca-aa1cb7d55d30,0.692307
692c454c-a1ad-41fa-b3ca-aa1cb7d55d30,24039f11-a4fc-4b2d-8bc0-6fd36059f117,0.692307
874ff9c6-786d-45fc-a90e-48c7ffe03417,23b735ef-a996-4a7f-9998-2aa7e78827b0,3.913595
23b735ef-a996-4a7f-9998-2aa7e78827b0,874ff9c6-786d-45fc-a90e-48c7ffe03417,3.913595
874ff9c6-786d-45fc-a90e-48c7ffe03417,ece1058a-ecab-4736-872f-790145aaadfe,6.678948
ece1058a-ecab-4736-872f-790145aaadfe,874ff9c6-786d-45fc-a90e-48c7ffe03417,6.678948
874ff9c6-786d-45fc-a90e-48c7ffe03417,40f081a6-4095-43f7-bffb-64e2af8c026e,2.804850
40f081a6-4095-43f7-bffb-64e2af8c026e,874ff9c6-786d-45fc-a90e-48c7ffe03417,2.804850
874ff9c6-786d-45fc-a90e-48c7ffe03417,7b316592-8036-41e2-b8dc-b06b6a9afd54,1.839058
7b316592-8036-41e2-b8dc-b06b6a9afd54,874ff9c6-786d-45fc-a90e-48c7ffe03417,1.839058
874ff9c6-786d-45fc-a90e-48c7ffe03417,692c454c-a1ad-41fa-b3ca-aa1cb7d55d30,0.244689
692c454c-a1ad-41fa-b3ca-aa1cb7d55d30,874ff9c6-786d-45fc-a90e-48c7ffe03417,0.244689
23b735ef-a996-4a7f-9998-2aa7e78827b0,ece1058a-ecab-4736-872f-790145aaadfe,10.566715
ece1058a-ecab-4736-872f-790145aaadfe,23b735ef-a996-4a7f-9998-2aa7e78827b0,10.566715
23b735ef-a996-4a7f-9998-2aa7e78827b0,40f081a6-4095-43f7-bffb-64e2af8c026e,1.267763
40f081a6-4095-43f7-bffb-64e2af8c026e,23b735ef-a996-4a7f-9998-2aa7e78827b0,1.267763
23b735ef-a996-4a7f-9998-2aa7e78827b0,7b316592-8036-41e2-b8dc-b06b6a9afd54,2.074573
7b316592-8036-41e2-b8dc-b06b6a9afd54,23b735ef-a996-4a7f-9998-2aa7e78827b0,2.074573
23b735ef-a996-4a7f-9998-2aa7e78827b0,692c454c-a1ad-41fa-b3ca-aa1cb7d55d30,4.158201
692c454c-a1ad-41fa-b3ca-aa1cb7d55d30,23b735ef-a996-4a7f-9998-2aa7e78827b0,4.158201
ece1058a-ecab-4736-872f-790145aaadfe,40f081a6-4095-43f7-bffb-64e2af8c026e,9.482130
40f081a6-4095-43f7-bffb-64e2af8c026e,ece1058a-ecab-4736-872f-790145aaadfe,9.482130
ece1058a-ecab-4736-872f-790145aaadfe,7b316592-8036-41e2-b8dc-b06b6a9afd54,8.503847
7b316592-8036-41e2-b8dc-b06b6a9afd54,ece1058a-ecab-4736-872f-790145aaadfe,8.503847
ece1058a-ecab-4736-872f-790145aaadfe,692c454c-a1ad-41fa-b3ca-aa1cb7d55d30,6.437987
692c454c-a1ad-41fa-b3ca-aa1cb7d55d30,ece1058a-ecab-4736-872f-790145aaadfe,6.437987
40f081a6-4095-43f7-bffb-64e2af8c026e,7b316592-8036-41e2-b8dc-b06b6a9afd54,1.049671
7b316592-8036-41e2-b8dc-b06b6a9afd54,40f081a6-4095-43f7-bffb-64e2af8c026e,1.049671
40f081a6-4095-43f7-bffb-64e2af8c026e,692c454c-a1ad-41fa-b3ca-aa1cb7d55d30,3.044465
692c454c-a1ad-41fa-b3ca-aa1cb7d55d30,40f081a6-4095-43f7-bffb-64e2af8c026e,3.044465
7b316592-8036-41e2-b8dc-b06b6a9afd54,692c454c-a1ad-41fa-b3ca-aa1cb7d55d30,2.083640
692c454c-a1ad-41fa-b3ca-aa1cb7d55d30,7b316592-8036-41e2-b8dc-b06b6a9afd54,2.083640
